Name,Date of Birth,Address,Country,Email,Phone Number,Job,Company
Sean Simpson,1986-11-09,"831 Smith Mews Suite 382
Lauriefurt, KY 43149",Gambia,garyerickson@example.com,001-392-921-8348,Farm manager,"Diaz, Murphy and Wall"
Sarah Dixon,2000-10-01,"578 Tanya Forge
Richardtown, HI 35984",Togo,rodriguezlaura@example.org,(220)291-0512,IT sales professional,"Watson, Wells and Morris"
Michael Mcpherson,1971-04-20,"7691 Tina Track
Port Jameschester, OR 05823",Mauritius,laura16@example.net,+1-477-732-3033x89296,"Designer, ceramics/pottery",Vega-Guerrero
Lori Cox,1961-10-12,"47742 Barker Freeway Suite 354
Haleyland, AK 64267",Syrian Arab Republic,sarahlloyd@example.net,756.277.5148,Heritage manager,"Chapman, Schmidt and Russell"
Rebecca Campos,1961-08-31,"970 Torres Ramp Suite 553
West Gregoryberg, CO 96854",Bermuda,eric83@example.net,001-949-432-4365x43327,"Teacher, English as a foreign language","Martin, Bell and Chung"
Suzanne Vega,1979-11-20,"31189 Fred Islands
South Austin, NC 86828",Montserrat,shawjason@example.net,366.461.3444,"Scientist, forensic",Williams LLC
Hannah Bush,1976-02-19,"1520 Michele Islands
West Stacie, MS 94421",Bulgaria,ldoyle@example.net,001-857-975-5313x2155,Merchant navy officer,Wallace Inc
Arthur Hicks,1974-06-26,"44663 Campbell Streets Suite 193
South Robinfurt, ND 89738",Malta,davidsparks@example.net,951-300-9217,Air cabin crew,Pearson-Bailey
Nathaniel White,1998-03-01,"292 Fuller Alley Suite 411
Mooreborough, MS 64417",Comoros,jonathanhampton@example.net,(308)973-6444x25479,Orthoptist,Peterson-Buck
Samantha Ruiz,2005-05-17,"713 Lewis Centers Apt. 798
Christopherton, TX 04855",Syrian Arab Republic,edward20@example.net,001-892-207-4737x0280,Child psychotherapist,Rodriguez-Hughes
